brand,product,color
MAYBELLINE ´A¤ñµY,¦n®ð¦âº¥¼h¤T¦âCC»´®B»I,"['PK01', 'PK02', 'RD01', 'RD02', 'RD03', 'S BK01', 'S CO01', 'S OR01', 'S PK01', 'S WH01', 'PK02', 'RD02', 'RD03', 'S CO01', 'S OR01', 'S PK01', 'PK01', 'PK02', 'S OR01', 'S PK01', 'S WH01', 'RD01', 'RD03', 'S BK01', 'S PK01', 'S WH01', 'OR01', 'RD02', 'S CO01', 'S OR01', 'PK01', 'S BK01', 'S WH01', 'OR01', 'PK01', 'S CO01']"
MAYBELLINE ´A¤ñµY,·¥ºì¦â¬XÃúªá»e®B»I,"['¤i¶§¾ï', '¼¯µn¾ï', '§ö®ç»r', '¬À·ä¬õ', 'ÂD³½¯»', '¨d¤¦¬õ', 'ª´ºÀ¬õ', '¥Ûºh¬õ', '¸g¨å¬õ', '¨§¨F¬õ    ', '[NEW] °®Àêª´ºÀ', '¦W´D¯»', 'Äåªá¯»', '[NEW] µJ¿}®³ÅK', 'Àu¶®¯»', 'ªk¦¡»r', 'µJ¿}»r', 'Äå®ç¬õ', '¬õ°s¬õ', '©Ê·P®ç']"
MAYBELLINE ´A¤ñµY,¦n®ð¦âCC»´®B»I(¤É¯Åª©),"['BB01', 'PK01', 'RD01', 'BB01', 'OR01', 'PK02', 'PK02', 'PK03', 'PK04', 'OR01', 'PK01', 'CO01']"
MAYBELLINE ´A¤ñµY,»r©ñ±ª°Êµ·µ³Ãú¥ú®B»I,"['MAT2', 'MAT3', 'MAT4', 'MAT5', 'MAT1', 'MAT2', 'MAT3', 'MAT4']"
MAYBELLINE ´A¤ñµY,¦n®ð¦â¨©´ßÀO¥úº¥¼h®B»I,"['01¬Ã¯]¨©´ß', '04¤H³½¯»µµ', '08»e®ç¬P¬â', '10¬õ°s¬£¹ï']"
MAYBELLINE ´A¤ñµY,·¥ºì¦âªáºy­²©R«OÀã®B»I,"['REB01', 'REB02', 'REB03', 'REB04', 'REB05', 'REB06 ', 'REB12', 'REB07', 'REB08', 'REB07', 'REB08', 'REB09', 'REB10']"
MAYBELLINE ´A¤ñµY,·¥ºì¦âµ·µ³Ãú¥ú®B»I,"['[NEW] Ä¢µ¯µµ²ù', '[NEW] ¦è¬c¿j¬õ', '[NEW] »r¦Ì»e®ç']"
MAYBELLINE ´A¤ñµY,·¥ºì¦âµ·¼í¬XÃú®B»I ,"['MAT2', 'MAT4', 'MAT3', 'MAT5']"
REVLON ÅSµØ¿@,¸g¨å½AÀö®B»I,"['440', '445', '720', '725', '720', '720', '750', '445', '445', '525']"
REVLON ÅSµØ¿@,­«¦â»´ªo®B»I Ultra HD Lipstick  ,"['800', '825', '845', '865', '840', '860', '850', '835', '895']"
REVLON ÅSµØ¿@,´¹ÀéÄ£²´«G®B»I SUPER LUSTROUS LIPSTICK,"['415', '460', '616', '225', '525', '725', '510', '674', '683', '683', '423']"
REVLON ÅSµØ¿@,HD¾y´b´¹ºy®B»I,"['705 °øµØ´Ä¬õ', '760 ¶É¼}°s¬õ', '700 ®öº©»r¯ù', '750 ¯Ú¯×ãn¬õ']"
REVLON ÅSµØ¿@,ÄRªö®B»I,"['BERRY RICH', 'CERTAINLY RED', 'CHERRIES IN THE SNOW', 'CHERRY BLOSSOM', 'FIRE & ICE', 'FUSHSIA FUSION', 'LOVE THAT PINK', 'LOVE THAT RED', 'PINK SIZZLE', 'PINK VELVET', 'REALLY RED', 'ROSEWINE', 'SOFT SILVER RED', 'WINE WITH EVERYTHING(CREME)', 'WINE WITH EVERYTHING(PEARL)', 'BLUSHING MAUVE', 'CARNIVAL SPIRIT', 'CORALBERRY', 'LOVERS CORAL', 'RICH GIRL RED', 'KISSABLE PINK', 'SOFTSILVER ROSE', 'STORMY PINK', 'WILD ORCHID', 'WINK FOR PINK', 'SULTRY SABLE', 'SULTRY SAMBA', 'DEMURE']"
REVLON ÅSµØ¿@,«ù¤[Âê¦â¬Õ¼í®B»I,"['1 NUDE', 'BUFFEST BEIGE', 'ULTIMATE ORCHID', 'PREMIER PLUM', 'VIGOROUS VIOLET', 'ICONIC IRIS', 'MIRACLE MAUVE', 'BRILLIANT BORDEAUX', 'ROYAL RAISIN', 'STELLAR SUNRISE', 'TOP TOMATO', 'PREMIUM PINK']"
CHANEL ­»©`¨à,¶W¬¯Ä£ªº®B»I ROUGE ALLURE,"['[NEW] 1(­­¶q)', '[NEW] 4(­­¶q)']"
CHANEL ­»©`¨à,¶W¬¯Ä£ªºµ·µ³®B»I,"['[NEW] 2(­­¶q)', '[NEW] 3(­­¶q)', '63¤é¼Ç(­­¶q/2017¬î©u)', '64±á¥ú(­­¶q/2017¬î©u)', '64±á¥ú(­­¶q/2017¬î©u)']"
CHANEL ­»©`¨à,COCO®B»I,"['472¹êÅç¹q¼v(­­¶q/2017¬î©u)', '472¹êÅç¹q¼v(­­¶q/2017¬î©u)', '474¤é¥ú(­­¶q/2017¬î©u)']"
CHANEL ­»©`¨à,COCO¤ô«G»¤¦â®B»I ROUGE COCO SHINE,"['114-SHIPSHAPE', '122-CORAIL RADIEUX', ""44-SARI D'EAU"", '46-LIBERTE', '497-INTREPIDE', '527-GOLDEN SUN', '69-FLIRT', '97-DESINVOLTE', '116-MIGHTY', '55-ROMANCE', '56-CHANCE', '57-AVENTURE', '78´¡¦±', '79ÀÇ¬N', '87¬ù·|', '118-ENERGY', '132-ROSE RAVISSANT', '507ÅÊ·R', '62-MONTE-CARLO', '84¹ï¸Ü', '91-BOHEME', '477-REVEUSE', '537-GOLDEN SAND', '54-BOY', '77¯Â¯u', '112«i®ð(­­¶q)', '88¯«ªö(­­¶q)', '98-ETOURDIE', '128-NOIR MODERNE', '83±¡¹Ò', '60-ANTIGONE', '61-BONHEUR', '80ÄaºÃ']"
VISEE,µ´¦â¿@®B»I,"['[NEW] PK825', 'PK820', 'PK822', 'PK823', 'PK824', '[NEW] RD423', 'RD420', 'RD421', 'RD422(­­¶q/2016¥V©u­­©w)', 'BE320', 'BE321(­­¶q/2016¥V©u­­©w)', 'OR220', 'OR221', 'PK821']"
VISEE,¯Â¯u®BÀU±m,"['BE-5', 'OR-3', 'PK-4', 'PK-7', 'BE-5', 'BE-8', 'PK-4', 'PK-7', 'BE-5', 'BE-8', 'RD-1', 'PK-2', 'RD-6', 'BE-8']"
VISEE,ªG­á§¨¤ß®B»I,"['[NEW] PK860', '[NEW] PK861', '[NEW] PK862', '[NEW] PK863', '[NEW] RD460', '[NEW] RD461', '[NEW] PK864', '[NEW] OR260', '[NEW] RD462']"
Za,¤é¤£¸¨ÅåÆA«OÀã®B»I,"['CORAL', 'PINK', 'PK291', 'PK332', 'PK381', 'PK404', 'PK444', 'RS342', 'RS371', 'RS461', 'PK403', 'RD401', 'RD406', 'RD407', 'RD444', 'RED', 'OR222', 'OR402', 'ORANGE', 'ROSE', 'RS405', 'RS444', 'WINE']"
L`OREAL PARiS ¤Ú¾¤µÜ¶®,¯Â¦â­q»s®B»I COLOR RICH MOIST MATTE,"['B101', 'BP402', 'BP501', 'C402', 'CR402', 'M401', 'P403', 'P501', 'R401', '232', '233', '234', 'C401', 'F401', 'PR512', 'R514', 'R516', 'RC301', 'M401', 'M405', 'P201', 'P403', 'P411', 'R513', '232', 'B101', 'B102', 'B404', 'C402', 'B101', 'B102', 'M702', 'P511', 'C411', 'C511', 'CR402', '233', 'P201', 'P511']"
L`OREAL PARiS ¤Ú¾¤µÜ¶®,ª´ºÀ¬ÃÂÃª©­q»s®B»I,"['¥ì«½®Ôºq²ú¨È', '¬Ã©g¦òÃ¹°ö¯÷', '¥¬Á¢§JµÜ¥±²ú', 'ªÝªÝ©Ô©¬¤å', '®R¼Ú»eµØ¯÷', '§ù±á¬ì¬¥´µ']"
L`OREAL PARiS ¤Ú¾¤µÜ¶®,¯Â¦â­q»s®B»I(ª´ºÀ­·¼É) ,"['608«O¥[§Q¨Èª´ºÀ', '618¿j±¡ª´ºÀ', '619»¤´b³¥ª´', '622¸g¨å¬õª´ºÀ', '624¬õªZ¤hª´ºÀ', '610­»Âbª´ºÀ', '621Àu¶®ª´ºÀ', '618¿j±¡ª´ºÀ', '623·LÅHª´ºÀ', '608«O¥[§Q¨Èª´ºÀ', '616ª´ºÀ¹à»r', '616ª´ºÀ¹à»r']"
M.A.C,®É©|±M·~®B»I LIPSTICK,"['[NEW] AGE/SEX/LOCATION', '[NEW] AMONG THE FIREFLIES', '[NEW] BOSOM FRIEND', '[NEW] Calm Heat¤¤©Ê¤g(­­¶q)', '[NEW] EASY BABE', '[NEW] HONEYLOVE', 'A Killing Smile «G¬À·ä¯»(­­¶q/(matte))', 'Augmented RealityÂAÆA¿}ªG¬õ(­­¶q)', '[NEW] BABY¡¦S ALL RIGHT', '[NEW] DERRIERE', '[NEW] FAUX', '[NEW] Rossy', '[NEW] Self Esteem', 'Yoni Crush «G¾ï¬õ(­­¶q/(amplified))', '[NEW] GOSSAMER WING', '[NEW] Love At First Bite§ß®áªá¯»(­­¶q)', '[NEW] MMMMMM', '[NEW] MODESTY', '[NEW] PATISSERIE', '[NEW] PRETTY PLEASE', 'Spotlight Me ²M²H±K®ç(­­¶q/(amplified))', '[NEW] THE PINKPRINT', '[NEW] A GIRL¡¦S GOT NEEDS', '[NEW] BARE BLING', '[NEW] PLAYING KOI', '[NEW] RAVISHING', '[NEW] Shy Girl¥¤ªo¬À·ä(­­¶q)', '[NEW] STRIPPED', '[NEW] THE RIGHT NOTE', '[NEW] Frenesi', '[NEW] Phenomenal Woman', '[NEW] S?, S?, Me!©úÆA²ùµµ(­­¶q)', 'Candy Yum-Yum «GÀO¯»(­­¶q/(matte))', '[NEW] CR?ME D NUDE', '[NEW] NICKI¡¦S NUDE', '[NEW] 2N', 'Shockvalue¦W«G¤ôÂÅ(­­¶q)', '[NEW] JAPANESE MAPLE']"
M.A.C,¶WÃú·P®B»I Retro Matte,"['ALL FIRED UP', 'DANGEROUS', 'RELENTLESSLY RED', 'FIXED ON DRAMA', 'FLAT OUT FABULOUS', 'RUBY WOO', 'RUNWAY HIT', 'STEADY GOING', 'STEADY GOING']"
M.A.C,¹s¦â®t®B»I,"['Ambrosial', 'Eros', 'Gumball ', 'Medium Rare', 'Postmodern', 'Doe', 'Double Fudge', 'Smoked Almond', 'Toast and Butter', 'Burnt Violet', 'Driftwood', 'Hellebore', 'Cordovan', 'Fireworks', 'Life¡¦s Blood', 'Galaxy Grey', 'Stallion', 'Claretcast', 'Marsala', 'Dionysus', 'Mulling Spices', 'Habanero', 'Lobster ', 'Blue Beat']"
M.A.C,ª÷ÄÝ¥ú®B»I METALLIC LIPSTICK,"['CB96 ª÷ÄÝ¦è¬c', 'In Lust ª÷ÄÝ®ç¤g', 'Jupiter ª÷ÄÝ¤g¦â', 'Metal Work ª÷ÄÝ¬yª÷', '¡§O¡¨ ª÷ÄÝª÷»É', 'Disobedient ª÷ÄÝ¸²µå°s¬õ', 'Foiled Rose ª÷ÄÝªwªw¿}µµ', 'Royal Hour ª÷ÄÝµµÃ¹Äõ ', 'Wild Nectar ª÷ÄÝ®çµµ', 'Love¡¦s A Gamble ª÷ÄÝ»e®ç ', 'Pale Ros?  ª÷ÄÝ¦×®Ûª´ºÀ', 'Plum Dandy ª÷ÄÝ²ùªG', 'Rose Dipped ª÷ÄÝ°®Àêª´ºÀ', 'In Lust ª÷ÄÝ®ç¤g', 'Love¡¦s A Gamble ª÷ÄÝ»e®ç ', 'Ionized Iris ª÷ÄÝ®ç¯»', 'Wild Nectar ª÷ÄÝ®çµµ', 'Coral Optix ª÷ÄÝ¬õ¬À·ä', 'Hades Fire ª÷ÄÝª´ºÀ¿j¬õ', 'Pearly One ª÷ÄÝ¦Bªe¥Õ', 'Silver Spoon ª÷ÄÝ»È', 'Coral Optix ª÷ÄÝ¬õ¬À·ä', 'Forbidden Romance ª÷ÄÝ«n¥Ê¾ï', 'Anything Once ª÷ÄÝ¹q¥úÂÅ', 'Cold Front ª÷ÄÝ¿W¨¤Ã~¤§²\', 'Jupiter ª÷ÄÝ¤g¦â', 'Disobedient ª÷ÄÝ¸²µå°s¬õ']"
M.A.C,¿Ë§k¼í®B»I HUGGABLE LIPCOLOUR,"['FRESH & FRISKY ¬X©M²L®ç¦â', 'LOVE BEAM²H·x¯»¬õ¦â', 'WHAT A FEELING! ²L§N¯»¬õ¦â', 'FRESH & FRISKY ¬X©M²L®ç¦â', 'TOUCHE²L½§¦â', 'FASHION FORCE§N¬À·ä¦â', 'OUT FOR PASSION ¬X©M·xª´ºÀ¦â', 'RICH MARRON²L»r¦â', 'RUSTY²`½ê¦â', 'CHERRY GLAZE ¾ï¬õ¦â', 'FEELING AMOROUS? ²L®ç¬õ¦â', 'RED NECESSITY²`·x°s¬õ¦â', 'COMMOTION²`§N±ö¤l¦â', 'Bare Hug', 'Dramatical', 'Fashion Force', 'Flaming Lips', 'Glamorized', 'I¡¦m Game', 'I¡¦m In', 'Love Feeling', 'Play It Soft', 'Soft Talkin']"
M.A.C,´¼¼z·Å·P¼í®B»I,"['Candy Wrapped ³z¥úÀ¦¨à¯»', 'Play With Me ³z¥ú®ç¯»', 'Pretty Me Up ³z¥ú¬À·ä', 'Play With Me ³z¥ú®ç¯»', 'Teddy Pink ³z¥ú®ç¬õ', 'Side Dish ³z¥úµµ¬õ', 'Side Dish ³z¥úµµ¬õ', 'Pretty Me Up ³z¥ú¬À·ä']"
SHISEIDO ¸ê¥Í°ó-±MÂd,¤ß¾÷¬P¾y®B»I,"['10¾y¤O¬õ(­­¶q)', 'RD324', 'RD330', 'RD343', 'RD351(­­¶q)', 'RD425', 'RD454', 'RD526', 'PK227', 'PK232', 'PK240', 'PK245', 'PK443', 'PK722', 'PK728', 'BE777', 'PS547', 'RD533', 'RD742', 'RS354(­­¶q)', 'RS530', 'RS555(­­¶q/2016 ¬î¥V±m§©)', 'BE322', 'BE351', 'OR221', 'RD343', 'BE322', 'BE723', 'BE777', 'PK722', 'PK346', 'PK433', 'RS329', 'BE723']"
SHISEIDO ¸ê¥Í°ó-±MÂd,®É©|¦âÃ¸Å]¤O¬õ®B»I,"['RD306 ', 'RD307 ', 'RD308 ', 'RD312', 'RD501', 'RD715 ', 'RD716 ', 'RD305 ', 'RD309', 'RD310 ', 'RD311 ', 'RD502', 'RD503 ', 'RD504', 'RD713 ', 'RD714 ']"
SHISEIDO ¸ê¥Í°ó-±MÂd,¤ß¾÷¬P¾yÂù¦â®B»I,"['10', '21', '24', '25', '40', '50', '20', '22', '23', '30', '60', '21', '22', '24', '10', '23']"
SHISEIDO ¸ê¥Í°ó-±MÂd,Å]¤O¬õª±Ãú®B»I ROUGE ROUGE,"['[NEW] RD620°®Àêª´ºÀ(2017¬î©u)', '[NEW] RS418«NÄR²ù¬õ(2017¬î©u)', '[NEW] RS419¼ö±¡³¥ª´(2017¬î©u)', '[NEW] RS418«NÄR²ù¬õ(2017¬î©u)', '[NEW] RS419¼ö±¡³¥ª´(2017¬î©u)', '[NEW] BE323»e¿}¥¤¯ù(2017¬î©u)', '[NEW] RD124°gÃú»r¯»(2017¬î©u)', '[NEW] BE323»e¿}¥¤¯ù(2017¬î©u)', '[NEW] RD124°gÃú»r¯»(2017¬î©u)', '[NEW] OR417Ä}¯ÉÂA¾ï(2017¬î©u)']"
CLIO ÏÈ²ú¶ø,·L¼ö¤§§kÃú·P®B»I Virgin Kiss Tinted Lip,"['01', '17', '18', '02', '04', '03', '19', '05', '21']"
CLIO ÏÈ²ú¶ø,Å]¤Û§k²ª¥ú·P«ù¦â®B»I Virgin Kiss Tension Lip,"['11', '13', '4', '10', '6', '8', '3', '9', '1', '4', '7']"
CLIO ÏÈ²ú¶ø,¥ú¼ºÃè·P¦Ðµ³®B»I,"['1', '5', '4', '7']"
CLIO ÏÈ²ú¶ø,µ´¹ï¤WÅ}¬XÃú«OÀã®B»I MAD MATTE LIP,"['03¬õ¦âÄµ§Ù  ', '06·t©]ª´ºÀ', '05¬Û«ä¬õ¨§', '07§C½Õ»r¯»']"
LANEIGE ÄõªÛ,¶W©ñ¹qµ·µ³Âù¦â®B»I Two Tone Lip Bar,"['2 Mystic rose(­­¶q/2016¥V©u­­©w)', 'NO.01', 'NO.03', 'NO.06', 'NO.08', 'NO.09', 'NO.10', 'NO.11', '1 Bloody dress(­­¶q/2016¥V©u­­©w)', 'NO.02', 'NO.04', 'NO.05', 'NO.06', 'NO.12', '1 Bloody dress(­­¶q/2016¥V©u­­©w)', '2 Mystic rose(­­¶q/2016¥V©u­­©w)', 'NO.02', 'NO.07', 'NO.12', 'NO.14', '1 Milkyway burgundy(­­¶q/2016¥V©u­­©w)', '2 Smoky dust(­­¶q/2016¥V©u­­©w)', 'NO.09', 'NO.10', 'NO.01', 'NO.05', 'NO.14', 'NO.03', 'NO.08', 'NO.13', 'NO.04', 'NO.13', '1 Milkyway burgundy(­­¶q/2016¥V©u­­©w)', '2 Smoky dust(­­¶q/2016¥V©u­­©w)', 'NO.11']"
LANEIGE ÄõªÛ,¶W©ñ¹q´¹¼íÂù¦â®B»I Two Tone Tint Lip Bar,"['[NEW] ¯»¬õ¬£¹ï(­­¶q)', '[NEW] Ä}¯É³¥ª´(­­¶q)']"
LANEIGE ÄõªÛ,¶W©ñ¹qÃú·PÂù¦â®B»I,"['[NEW] No.4¥Ã¥Íª´ºÀ(­­¶q)', '[NEW] No.2Àu¶®ª´ºÀ(­­¶q)', '[NEW] No.1´_¨èª´ºÀ(­­¶q)', '[NEW] No.3¤ô¬~ª´ºÀ(­­¶q)']"
LANEIGE ÄõªÛ,µÎªÜÁ¢ªáÃ¤®BÀUµ§ K-Secret Cushion Tint,"['2 Ä£²´²ù¬õ', '4 Àu¶®Äå®ç', '6 ¸g¨å¾y¬õ', '1 »´¬X²H¯»', '3 ²M·s®çªá', '5 ¯«¯µ¿j¬õ', '7 «G²´²¢¾ï']"
Estee Lauder ¶®¸ÖÄõÂL,µ´¹ï¼¤±æ°øµØ¼í®B»I Pure Color Envy Sculpting Lipstick,"['210', '310', '330', '380', '390', '110', '180', '210', '310', '230', '280', '430', '320', '340', '420', '220', '260', '440']"
Estee Lauder ¶®¸ÖÄõÂL,µ´¹ï¼¤±æ°{Ä£®B»I,"['110', '120', '130', '210', '220', '420', '310', '330', '350', '320', '410', '230', '240', '430']"
Estee Lauder ¶®¸ÖÄõÂL,ª±¦âÅÊ·R®B»I,"['220 ·¥­P½ÄÀ» Shock & Awe(µ·µ³Ãú·P)', '270 ¦Ü°ª§N»Å Haute & Cold(´¹¼ü¯]¥ú)', '[NEW] 290¤õµK¤§»R(­­¶q)', '300 ¤õ»¶²ª¸ñ Hot Streak(µ·µ³Ãú·P)', '310 ¬õ¦â¸T§Ò Bar Red(µ·µ³Ãú·P)', '360 ¦Û¦b°{Ä£ Flash Chill(´¹¼ü¯]¥ú)', '[NEW] 180Ä£²´¶Â¬P(­­¶q)', '230 ªÀ¥æ¤k¤ý Juiced Up(µ·µ³Ãú·P)', '370 ³S¬Ãª÷¬P Pocket Venus(»Å¬¯ª÷ÄÝ)', '400 «q°f²¢¤ß Rebel Glam(µ·µ³Ãú·P)', '410 ¼öÅÊ¥Ø¼Ð Love Object(µ·µ³Ãú·P)', '[NEW] 462¤ëºìªá»y(­­¶q)', '[NEW] 464¼z¬P¤§§k(­­¶q)', '480 ¶Â¦â·s¬P Nova Noir(»Å¬¯ª÷ÄÝ)', '[NEW] 485µµ¥ú¾y¼v(­­¶q)', '[NEW] 490¶W§¹¬ü¼b©d(­­¶q)', '100 ©¯¹B¤k¯« Blas? Buff(µ·µ³Ãú·P)', '110 ­ì¨ý¿}Á÷ Raw Sugar(µ·µ³Ãú·P)', '130 »rªÓ©Ê·P Strapless(¬X½v¨ÅÁ÷)', '[NEW] 150¤Ñ»Úº©¹C(­­¶q)', '[NEW] 160ª´ºÀ¬PÀô(­­¶q)', '[NEW] 170°{Ä£¬y¬P(­­¶q)', '200 µ´¹ïµL¶d Proven Innocent(µ·µ³Ãú·P)', '350 ¤ß¾÷´A²´ Sly Wink(´¹¼ü¯]¥ú)', '430 ¬üÄRÃ¨¨g Crazy Beautiful(¬X½v¨ÅÁ÷)', '200 µ´¹ïµL¶d Proven Innocent(µ·µ³Ãú·P)', '210 ½Õ¥Ö¨Ä¨Ä Naughty Nice(µ·µ³Ãú·P)', '240 ª±¬ü¬£¹ï Pret-A-Party(¬X½v¨ÅÁ÷)', '250 ¹ý©³®É©| Radical Chic(¬X½v¨ÅÁ÷)', '260 ­¸¤W¶³ºÝ Sky High(´¹¼ü¯]¥ú)', '330 ¨g³¥ªi¤ñ Wild Poppy(¬X½v¨ÅÁ÷)', '300 ¤õ»¶²ª¸ñ Hot Streak(µ·µ³Ãú·P)', '330 ¨g³¥ªi¤ñ Wild Poppy(¬X½v¨ÅÁ÷)', '340 ·S¤õÁÁ¨¥ Hot Rumor (¬X½v¨ÅÁ÷)', '350 ¤ß¾÷´A²´ Sly Wink(´¹¼ü¯]¥ú)', '[NEW] 370ª÷Àé»Èªe(­­¶q)', '320 ¿U¿N·R±¡ Burning Love(µ·µ³Ãú·P)', '370 ³S¬Ãª÷¬P Pocket Venus(»Å¬¯ª÷ÄÝ)', '460 ¦¨¼ô¾y´b Ripped Raisin(´¹¼ü¯]¥ú)', '210 ½Õ¥Ö¨Ä¨Ä Naughty Nice(µ·µ³Ãú·P)', '270 ¦Ü°ª§N»Å Haute & Cold(´¹¼ü¯]¥ú)', '400 «q°f²¢¤ß Rebel Glam(µ·µ³Ãú·P)', '320 ¿U¿N·R±¡ Burning Love(µ·µ³Ãú·P)', '470 ¤ë¥ú·nºu Moon Rock(»Å¬¯ª÷ÄÝ)']"
Estee Lauder ¶®¸ÖÄõÂL,µ´¹ï¼¤±æÃú·P®B»I,"['[NEW] 110µL¤ñ´L¶Q', '[NEW] 112½ÄÀ»', '[NEW] 120·N¶Ã±¡°g', '[NEW] 208ãn¬õ·RÅÊ', '[NEW] 211¿W¨­¶Q±Ú', '[NEW] 320¬y¨¥ãn»y', '[NEW] 320¬õ¦â¨g¼é', '[NEW] 321½Ä°Ê', '[NEW] 330ª¥¼ö­µ®ö', '[NEW] 330°ª½Õ·m²´', '[NEW] 333§C»y°g±¡', '[NEW] 340¥Ø¥úµJÂI', '[NEW] 322¦¨¦W¦b±æ', '[NEW] 410²v©Ê', '[NEW] 420µµ¦â¤Ñ»Ú', '[NEW] 430·q¤k¤H', '[NEW] 440­P©R¤Þ¤O(­­¶q)', '[NEW] 209¦W¤H¬£¹ï', '[NEW] 220µ´¹ï»¤´b', '[NEW] 230§¹¬ü¤k¤H', '[NEW] 230Åx²æ', '[NEW] 409©b©ñ¤£Åù', '[NEW] 130½AÀö¬P¨°', '[NEW] 220¤k¤H¤ß¾÷(­­¶q)', '[NEW] 310´N¬O©Ê·P', '[NEW] 310·Q¤J«D«D(­­¶q)', '[NEW] 230¦Û«H', '[NEW] 410µµÃ¹Äõ', '[NEW] 210¯»¬õ¹Ú¹Ò', '[NEW] 408¦Û¥Ñ', '[NEW] 120µØÄR¤k¤H', '[NEW] 450¶Â¦â®É©|(­­¶q)']"
MISSHA,¸g¨å«ù¦â¤ô·P¯Ú¯×®B»I,"['CR02', 'CR03', 'RD01', 'BR01', 'RD02', 'OR01', 'PK03', 'PK05']"
MISSHA,®æÄõ°g¬¯½AÀö®B»I,"['CR02', 'CR04', 'PK04']"
Bbia ¾y¶®,ÂÕ´µ¤k¯«§¹¬ü®B»I,"['01', '02', '04', '07', '08', '10', '04', '06', '05', '09', '03', '06']"
Bbia ¾y¶®,ª÷¦âª´ºÀ¬ÃÂÃ®B»I,"['01', '05', '02', '03', '04']"
BOURJOIS §®¤Ú¾¤,ÅÊªkÅ]¤Û¬õ®B,"['10', '13', '17', '03', '09', '03', '12', '04', '05', '04', '11', '18']"
BOURJOIS §®¤Ú¾¤,12¤p®ÉÅÊªkÅ]¤Û¸g¨å®B»I,"['30§õ±ö¼}´µ', '33¸¨¤é·¬¬õ', '44', '44µ·µ³¬õ¥ú', '46«k®Ú¦a¬õ', '33', '46', '33']"
BOURJOIS §®¤Ú¾¤, ÅÊªkÅ]¤Û¸g¨å®B»I,"['#39 ¼¯¥dª´ºÀ', '#44µ·µ³¬õ¥ú', '#07 ®É©|®ç¬õ', '#46«k®Ú¦a¬õ']"
KATE TOKYO ³Í´@,CC¦h¾÷¯à¼í±m®B»I CC LIP CREAM,"['05', '06', '01', '04']"
KATE TOKYO ³Í´@,¬y¥ú¼í±m®B»I SMOOTH COLOR ROUGE,"['BE-1', 'PK-1', 'PK-2', 'PK-3', 'RD-1', 'RD-2', 'OR-1', 'OR-2', 'BE-2', 'BE-3']"
KATE TOKYO ³Í´@,°ªÅã¦â¬M¶H®B»I COLOR HIGHVISION ROUGE,"['[NEW] RD-1', '[NEW] RD-2', '[NEW] RS-1', '[NEW] RS-2', '[NEW] PK-1 ', '[NEW] PK-2', '[NEW] OR-1', '[NEW] OR-2', '[NEW] RD-3', '[NEW] BE-1']"
Kanebo ¨ÎÄRÄ_-±MÂd,µ´¦â«íªö¤f¬õ Full Glamour Lips ,"['[NEW] #41 Soft Coral Pink(2017¬î¥V)', '[NEW] #45 Cool Pink Beige(2017¬î¥V)', '[NEW] #42 Soft Beige Orange(2017¬î¥V)', '[NEW] #43 Autumn Coral(2017¬î¥V)', '[NEW] #44 Autumn Orange(2017¬î¥V)', '[NEW] #46 Soft Brown Red(2017¬î¥V)']"
Kanebo ¨ÎÄRÄ_-±MÂd,»´³z¯»¼í¤f¬õ  PURELY STAY ROUGE,"['PK-314', 'RS-339', 'BE-235 ', 'RD-225']"
Kanebo ¨ÎÄRÄ_-±MÂd,¤ô¥úùÐªö®B»I SHEER AQUA STICK LIPS,"['01 Fresh Orange(­­¶q)', '04 Coral(­­¶q)', '02 Fuchsia Pink(­­¶q)', '03 Energy Pink(­­¶q)', '05 Cherry Red(­­¶q)']"
Kanebo ¨ÎÄRÄ_-±MÂd,¬XÂÈ®B»I LUNASOL STAIN COLOR LIPS,"['02 Pure Pink²b³z¯»¦â²¢¬ü¥i·R', '03 Energy Pink¥´³yµØÄR®É©|¾y¤O', '04 Fresh Pinkºì©ñ¤k©Ê¦Û«H¥úªö', 'EX01 Cool Fuchsia(­­¶q)', 'EX04 Soft Bordeaux(­­¶q)', '01 Prima Red¬üÆA¬õ®B¥´³y²`¨è¦L¶H', '07 Fresh Orange¼W²K¬¡¤O²M·s«Gªö', 'EX03 Energy Red(­­¶q)', 'EX05 Vivid Red(­­¶q)', '05 Pure Orange¿Ä©óÂù®Bªº»´¬X¯Â²b', '06 Energy OrangeÀç³y¤ô·P®B¦â¦L¶H', 'EX02 Fresh Coral(­­¶q)']"
Kanebo ¨ÎÄRÄ_-±MÂd,»eÃú®B»I LUNASOL Creamy Matte Crayon Lips,"['EX01 Brown Red(­­¶q)', 'EX02 ¡]Dark Red¡^(­­¶q)', 'EX03 ¡]Smoky Beige¡^(­­¶q)', 'EX04 ¡]Rose Beige¡^(­­¶q)']"
BEAUTYMAKER,·Q§A¤ô§k®B»I Rouge Hydrating Lip Color,"['3', '6', '4', '5', '1', '2']"
Dior ­}¶ø,Å}»¤¶W¼Ò®B»I,"['266', '348(­­¶q)', '348(­­¶q)', '465(­­¶q)', '479', '485', '553', '561', '581(­­¶q/2016®L©u±m§©)', '676(­­¶q)', '762', '536', '554', '578', '579', '630(­­¶q/2016®L©u±m§©)', '655', '750', '765(­­¶q)', '773(­­¶q/2016®L©u±m§©)', '842', '871', '441', '451', '530', '532', '533(­­¶q/2016®L©u±m§©)', '639', '643', '656(­­¶q)', '260', '422', '530', '535', '539(­­¶q/2016®L©u±m§©)', '613(­­¶q/2016®L©u±m§©)', '622', '722', '612', '622', '667', '722', '780', '916(­­¶q/2016®L©u±m§©)', '967', '476', '478(­­¶q/2016®L©u±m§©)', '557(­­¶q/2016®L©u±m§©)', '976', '978(­­¶q/2016®L©u±m§©)', '881']"
Dior ­}¶ø,ÂÅ¬P¬¯¦â®B»I,"['[NEW] 590 ¾Ô³T DRESSED TO KILL', '[NEW] 673 ¯ß°Ê PULSING RED ', '[NEW] 750  ·nºu ROCK¡¦N¡¦RED', '[NEW] 999 ª÷ÄÝÃú¬õ MATTE METAL ', '[NEW] 288¤pÀÇ¬N MISS CRUSH ', '[NEW] 429 »r¯» COUP DE CHIC', '[NEW] 578 §ß®áªá SHOCK FUCHSIA', '[NEW] 992 Å]¤Oµµ POISON PURPLE  ', '[NEW] 480 ¾y´b MYSTERIOUS CALYPSO', '[NEW] 510 ¤j¦a JUNGLE BEIGE', '[NEW] 535 ÂA¾í EXTREME ORANGE ', '[NEW] 552  ¯PµK LIVELY FIRE ']"
Miss Hana ªá®R¤p©j,¤T¦â¥ßÅé®B»I,"['RD01', 'RD03', 'OR02']"
Miss Hana ªá®R¤p©j,ÂùÀY«ù¤[®BÅSÂ×¼í®B»I,"['02®i²{¦Û§Ú', '03­^¦¡Àu¶®', '01¾y´b¯«¯µ']"
Avon ¶®ªÚ,³»¯Åª÷Àé®B»I,"['«G½v°øµØ', 'Ãúµ³¶®½o']"
Avon ¶®ªÚ,µ´¹ïºì¦â®B»I,"['1034', '2189', '67537', '890', '67505', '2054']"
Avon ¶®ªÚ,·¥Ãú­±µ·µ³®B»I True Color Perfectly Matte Lipstick,"['21559', '21563', '21577', '21602', '21616', '21620']"
BOBBI BROWN ªÝ¤ñªi®Ô,ª÷½o°øµØ®B»I,"['¤B­»ªá¶é', '§C½Õª´ºÀ', '«XÃ¹´µ«½«½', '¤È©]°Ò«¢¹y', '¤ÑÃZµ³', '¤k¤ý°¡¤U(­­¶q/2016®L©u±m§©)', '§¹¬ü»r®B(­­¶q/2016 ¸t½Ï±m§©)', '¤Ú¾¤¤k¤H', '©Ê·Pª´ºÀ', '±¡°g¤Ú®³°¨', '§ß®á®L«Â¦i', '¼ßªG²¢¬£', 'ª´ºÀ¬õ', '¬Ó®a¬õ¼é(­­¶q/2017¬K©u±m§©)', 'µµ§õ¥ÕÄõ¦a', 'ªÝ¤ñ»r®B(­­¶q/2016®L©u±m§©)', '²ùªG¼}´µ', '»e¿}¥i¥i(­­¶q/2016 ¸t½Ï±m§©)', 'Ãe¼w¤k­¦', '¤j·Ë¦a¶§¥ú', '¤ÑÃZµ³', '¤Ú¾¤¤k¤H(­­¶q/2016®L©u±m§©)', '´_¥j¤k§D', '´_¥j¬À·ä¼Y', '©Ê·PÆv¶§', '¤é¸¨¾l·u', '·¥­P¯PµK', '¬Ó®a¬õ¼é', '¬Ó®a¬õ¼é(­­¶q/2017¬K©u±m§©)', '¯»¬õ¥Ûºh¥Ä', 'ÆA¦â¨d¤¦', '¤B­»ªá¶é', '§C½Õª´ºÀ', '§¹¬ü»r®B(­­¶q/2016 ¸t½Ï±m§©)', '¼¯µn»r§©', '¯»¬õ¨FÅy', '¯»¬õ»r®B', '¯»¦â¤û¥Ö', '¯Âºé»r½§', '²ùªG¼}´µ', 'Ä_¥Û¬À·ä', '¬K¤éªáºy', '¯»¬õÄ×¤H', '¯»¬õ´Öªá¿}', '¯»¬õ¨FÅy', '¯»¬õ»r®B', '¯»¦â¤û¥Ö', '»e®ç®ðªw°s', ' ¸q¦¡»¤´b', 'Ä_¥Û¬À·ä', '»e®ç®ðªw°s', 'µµ§õ¥ÕÄõ¦a', '­^­Û¤k¤ý', 'µØÄRµµ½v', 'ÂÐ¬Ö²ù¶ð', '·x´Ä¬õ']"
BOBBI BROWN ªÝ¤ñªi®Ô,ºëµÑ­×Å@®B»I Nourishing Lip Color,"['[NEW] Blue RaspberryµµÂÅ²ù(2017®L©u)', '[NEW] Coral Pink¬À·ä¬õ(2017®L©u)', '02', '03', '06', '07', '08', '11', '[NEW] Bobbi»r¯»(2017®L©u)', '[NEW] Italian Rose¸q¦¡ª´ºÀ(2017®L©u)', '[NEW] Pink Rose·xª´¬õ(2017®L©u)', '01', '02', '04', '06', '09', '19', '[NEW] Bobbi»r¯»(2017®L©u)', '[NEW] Rose Petal´ÂÅSª´ºÀ(2017®L©u)', '09', '13', '14', '19', '[NEW] Pale Mauve²Lµµ¬õ(2017®L©u)', '[NEW] Pink Rose·xª´¬õ(2017®L©u)', '[NEW] Coral Pink¬À·ä¬õ(2017®L©u)', '12', '18', '20', '10', '17', '[NEW] Blue RaspberryµµÂÅ²ù(2017®L©u)', '[NEW] Pale Mauve²Lµµ¬õ(2017®L©u)', '15']"
BOBBI BROWN ªÝ¤ñªi®Ô,¯u¯]¥ú¼í®B»I High Shimmer Lip Color,"['01 Raspberry Shimmer ÂÐ¬Ö', '07 Pink Gold Shimmer ¯»´¹', '12 Ballerina Shimmer ªÝÁ¢', '02 Berry Shimmer ¬õ²ù', '03 Plum Shimmer µµ§õ', '06 Twilight Shimmer ½Å´Ä ', '09 Brown Shimmer ¬õ´Ä', '10 Calypso Shimmer ¯»¾ï', '11 Pink Apricot Shimmer §ö®ç', '04 Ruby Shimmer°s¬õ    ', '05 Malt Shimmer ³ÁªÞ ', '08 Beige Gold Shimmer Àéª÷']"
BOBBI BROWN ªÝ¤ñªi®Ô,µ·½v¥ú­×Å@®B»I Sheer Lip Color,"['01Passion Fruit ¼ö±¡ªG¬õ', '02 Hot Raspberry¼ü¯»¬õ', '12 Melba ²¢¯»¬õ', '13 Ballet PinkªÝÁ¢¯»', '18 ¶§¥ú¯»(­­¶q)', '21 ¿}¯»¬õ(­­¶q)', 'Pink FlushÄåªá(­­¶q)', 'Pink¼ö¯»(­­¶q)', '05 Bobbi ªÝ¤ñ»r®B', '07 Nude Beige²H»r®B', '09 Peachy »e®ç', '10 Carolina²`ª´¬õ', '19 ®L¤é»r(­­¶q)', '20 »e®ç»r(­­¶q)', 'Pink Gold ¶§¥ú»´§k(­­¶q)', '11 Rosy ª´ºÀ', '14 Tutu ¯½¼á', 'Orange¬a¾ï(­­¶q)', 'Peach Sorbet §ö®ç¦B¨F(­­¶q)', 'Boho Bronze ªi¦è¦Ì¨È(­­¶q)', 'Pink Gold­»Âb(­­¶q)', '03 Pink Rose ª´¬õ', '06 Cherry Pink Äå®ç', '08 Black Plum µµ±ö', 'Pink RoseÁ¥Á¨(­­¶q)', '04 Pink Blossom «G®ç¬õ', 'BerryÆv²ù(­­¶q)']"
BOBBI BROWN ªÝ¤ñªi®Ô,°gÅÊ»´§k®B»I Crushed Lip Color,"['[NEW] CABANAÌ{µM¤ß°Ê', '[NEW] TELLURIDE·LÅH¾y´b', '[NEW] ANGEL±MÄÝ¤Ñ¨Ï', '[NEW] BABE¨Ó§aÄ_¨©', '[NEW] BABY§Úªº²¢¤ß', '[NEW] BITTEB¤p³À¶Ã¼²', '[NEW] CALI ROSE¥P¤k¤U¤Z', '[NEW] LILAC¯Â¯Âªº·R', '[NEW] BARE·tÅÊ±¡¤H', '[NEW] CHERRY¤Ñ¹p¦a¤õ', '[NEW] PLUM»î²o¹Ú¿¢', '[NEW] RUBY¶É°ê¶É«°', '[NEW] CRANBERRY·Å¬XÃø§Ñ', '[NEW] CRENADINE¤k¯«­°Á{', '[NEW] REGALµLªk©è§Ü', '[NEW] CRUSH¤@¨£Áé±¡', '[NEW] PUNCH¤@½b¬ï¤ß', '[NEW] WATERMELON¶§¥úÄ_¨©', '[NEW] BLACKBERRY©Ê·P´cÅ]', '[NEW] SUNSET¼ö±¡¦p¤õ']"
BOBBI BROWN ªÝ¤ñªi®Ô,ÃÀ³N®a®B¦âµ§,"['Dusty Pink ¯»¬õ', 'Electric Pink®ç¬õ', 'Hot BerryÆA²ù(­­¶q)', 'Hot Pink¼ö¯»(­­¶q)', 'Punch¹à²ù(­­¶q)', 'Bare«G»r(­­¶q)', 'Brown Berry½Å²ù(­­¶q)', 'Dusty Pink ¯»¬õ', 'Rich Nude·x½§(­­¶q)', 'Rose Brown ¥©§J¤O¬õ', 'Cassis²¢°s¬õ', 'CherrywoodÄå®ç', 'Rose Brown ¥©§J¤O¬õ', 'Electric Coral«G¾ï(­­¶q)', 'Hot Orange¬a¾ï(­­¶q)', 'Sunset Orange¤é¸¨', 'Bright Raspberry¬õ²ù', 'Harlow Red¬v¬õ']"
BOBBI BROWN ªÝ¤ñªi®Ô,­­¶qª÷½o®B»I Lip Color,"['Sultry Red¾y´b¬õ(­­¶q)', 'Bordeaux¾J°s¬õ(­­¶q)', 'Malt Shimmer»r³Áª÷(­­¶q)', 'Beige Gold Shimmer­»Âbª÷(­­¶q)']"
BOBBI BROWN ªÝ¤ñªi®Ô,¼í¿A°×¦â®B»I,"['CALYPSO', 'HOT', 'TAWNY PINK', 'TRUE PINK', 'JENNA', 'VALENCIA ORANGE', 'CRUSHED PLUM', 'RAZZBERRY', 'PALE PEACH', 'RED CARPET']"
shu uemura ´Ó§ø¨q,µL¦â­­Ä_¥Û¥ú®B»I,"['AMBUSHÆF»î¯»', 'SCR340', 'SCR350', 'SPK347', 'SPK357', 'SPK358', 'RD164(­­¶q/2016¸t½Ï±m§©¨t)', 'SRD150', 'SRD164', '¬õ¦â¤pªá(­­¶q/2016¸t½Ï±m§©¨t)', 'SCR340', 'SCR350', 'SOR550', 'SOR561', 'SPK366', '¯»¦â¤pªá(­­¶q/2016¸t½Ï±m§©¨t)', 'SWN286', 'SWN246', 'AMBUSH¦Û¥Ñºê']"
shu uemura ´Ó§ø¨q,µL¦â­­ª±¦â¤ô¼í®B»I,"['[NEW] PK325', '[NEW] PK340', '[NEW] PK355', '[NEW] PK359', '[NEW] PK363', '[NEW] PK365', '[NEW] PK368', '[NEW] PK369', '[NEW] WN225', '[NEW] CR321', '[NEW] CR324', '[NEW] CR330', '[NEW] CR332', '[NEW] OR520', '[NEW] OR540', '[NEW] OR551', '[NEW] OR560', '[NEW] OR564', '[NEW] RD154', '[NEW] RD160', '[NEW] RD164', '[NEW] RD166', '[NEW] RD170', '[NEW] BG900', '[NEW] BG923', '[NEW] BG928', '[NEW] BG931', '[NEW] BG935', '[NEW] BG965', '[NEW] WN237', '[NEW] WN256', '[NEW] WN248', '[NEW] µµ', '[NEW] WN288', '[NEW] WN299', '[NEW] ¶À', '[NEW] «G¤ù', '[NEW] ¬Ã¯]']"
LANCOME ÄõçM,µ´¹ï§¹¬ü®B»I L'Absolu Rouge,"['[NEW] ´_¥jª´ºÀ¦âRouge de Rose1955(­­¶q/2017¬î©u)', '[NEW] ¾ï¬õ¦âOlympia1980(­­¶q/2017¬î©u\n)', '[NEW] ¾ï¬õ¦âOlympia1980(­­¶q/2017¬î©u\n)']"
LANCOME ÄõçM,·RÅÊ¿}ªö«G®B»I,"['120', '124', '340', '354', '357', '212', '314', '316', '321', '334', '160', '388', '323', '136', '212']"
3 Concept Eyes,¶WÅã¦â®B»I Glass lip Color,"['216', '806', '907', '118', '803', '909', '119', '907', '908']"
3 Concept Eyes,·R¶î¾~®B±m¼í¿AÄúµ§ JUMBO LIP CRAYON,"['.BOHEMIAN PINK', '.GIMME MORE', '.NEON PINK', '.WOMAN TO WOMAN', '.POP ORANGE', '.BOHEMIAN PINK', '.MAD RED']"
Fasio µá§Æ¼Ú,¤Ñ¨Ï¤§§k­×¼í¤f¬õ FASIO BALM ROUGE,"['PK830', 'PK831', 'PK832', 'PK833', 'BE330', 'BR331', 'RO632', 'RD430', 'RD431', 'RO630', 'RO631', 'OR230']"
LB,¿E°f¥ú¤ô·P®B»I,"['°{Ä£§ö®ç', '°{Ä£¾ï', 'Æv¶§¬õ', '°{Ä£§ö®ç', '°{Ä£§ö®ç']"
LB,°{Ä£Ä_¥Û®B»I,"['¥ú³z¯»¬õ', 'Æp¥Û¯»¬õ', '¥Ûºh¬õ', '»r¯»¬õ']"
CLINIQUE ­ÅºÑ,¯Ã¬ù´¶´¶¶î¾~®B»I Pop Lip Colour ,"['[NEW] 13²¢»e¯»(­­¶q)', '[NEW] 08Äå®ç¬õ(­­¶q)', '[NEW] 12¯»¹à®ç(­­¶q)']"
CLINIQUE ­ÅºÑ,¯Ã¬ù´¶´¶¬XÃú®B»I Pop Matte matte lip colour + primer,"['©úÆvµµ', '²`±¡µµ', '«G²´¯»', '²v©Ê¯»', '¼¤±æ¬õ', '¦Û«H¬õ', 'Ä£²´®ç', '®É©|»r']"
CLINIQUE ­ÅºÑ,¯Ã¬ù´¶´¶¤ô´¹®B»I Pop Glaze Sheer Lip Colour + Primer,"['06¿}ªG¯»', '07²¢±ö¯»', '02ªGºy¾ï', '03«G¤õ¬õ', '08°{«G®ç']"
IOPE,´¹¼ü¤ô¼í®B»I WATER FIT LIPSTICK,"['41', '45', '46', '51', '52', '44', '47', '48', '53', '42', '43', '45', '49']"
IOPE,Âù¦â©ñ¹q¤ôºy¼í®B»I,"['1', '2', '3', '1', '5', '4', '5', '2', '3', '4']"
ETUDE HOUSE,¥i·Rªº¦o¤Ä§kME®B»I,"['OR201', 'OR202', 'OR203', 'PK001', 'PK002', 'BE101', 'BE102', 'PK003', 'RD301', 'RD302']"
ETUDE HOUSE,²¢¤ß«r¤@¤f³î¼H³n¿}»e®B»I,"['JOR202', 'JPK001', 'JPK002', 'JPK003', 'JPK004', 'JOR201', 'JBE101', 'JOR203']"
ETUDE HOUSE,¤f«ø¤ß­¸¡ãª±¬ü¦â­p®B»I(±­­·¼}µ·) ,"['PK027', 'PK029', 'RD313', 'RD314', 'BE108', 'BE109', 'BE110', 'BE110', 'RD315', 'OR210', 'OR211', 'PK026', 'PK028']"
ETUDE HOUSE,µW·ã²¡¡ã¹V¥ú¼í¿A®B»I,"['OR206', 'RD301', 'RD302', 'RD303', 'RD305', 'RD306', '[NEW] RD309', 'OR203', 'OR204', 'OR205', '[NEW] OR207', 'PK005', 'PK004', 'PK006', 'PK008', '[NEW] BE103', 'RD307', 'RD308', 'BE101', 'BE102', 'PK002', 'PK007', 'WH901']"
ETUDE HOUSE,µ§µ§¬Ò¹¢101¬¯±m¦Ê·fÅ]³N´Î(®BÀU),"['12', '13', '14', '15', '16']"
ETUDE HOUSE,º©»RªÝÁ¢µ·¬X³·¯¼®B»I(­­¶qª©),"['PK022(­­¶q)', 'PK023(­­¶q)', 'PK024(­­¶q)', 'PP502(­­¶q)', 'OR225(­­¶q)']"
ETUDE HOUSE,­J®ç¹X¤§¹Ú¡ãµW·ã²¡¹V¥ú®B»I,"['PK010(­­¶q/2016¥V©u±m§©)', 'RD305(­­¶q/2016¥V©u±m§©)', 'RD309(­­¶q/2016¥V©u±m§©)', 'PK004(­­¶q/2016¥V©u±m§©)', 'PK009(­­¶q/2016¥V©u±m§©)', 'PK009(­­¶q/2016¥V©u±m§©)', 'OR207(­­¶q/2016¥V©u±m§©)', 'BE103(­­¶q/2016¥V©u±m§©)']"
ETUDE HOUSE,©_¤Û¼Ö¶é¡ãFUN¦âª±¬ü®B»I(±­­·¼}µ·),"['OR212', 'OR213', 'PK034', 'RD318', 'PP503']"
ETUDE HOUSE,Å]¤O¤§§kµW·ã²¡´¹±m®B»I,"['OR202', 'OR203', 'PK005', 'RD305', 'RD301', 'RD302', 'RD303', 'RD304', 'PK002', 'PK003', 'PK004', 'OR201', 'RD305', 'PK001']"
ETUDE HOUSE,¤f«ø¤ß­¸¡ãª±¬ü¦â­p®B»I(¦BÁ÷³·¹T),"['PK025', 'RD310', 'RD311', 'RD312', 'PK015', 'RD306(UR¥´¦¨PK306)', 'PK012', 'PK014']"
BURBERRY,BURBERRY KISSES®B»I BURBERRY KISSES,"['Blossom Pink No.29/ªá¯»¬õ 29 ¸¹', 'Blush No.77/ãn¬õ 77 ¸¹', 'Claret Pink No.45/¸²µå¯»¬õ 45 ¸¹', 'English Rose No.17/­^­Ûª´ºÀ¦â 17 ¸¹', 'Light Crimson No.49/²L¬v¬õ 49 ¸¹', 'Nude Pink No.05/»r¯»¬õ 05 ¸¹', 'Peach Delight No.57/Åw´r»e®ç¦â 57 ¸¹', 'Pink Peony No.37/¯»¨d¤¦¦â 37 ¸¹', 'Pomegranate Pink No.41/¥Ûºh¯»¬õ 41 ¸¹', 'Rose Pink No.33/ª´ºÀ¯»¬õ 33 ¸¹', 'Sepia No.85/²`½Å¦â 85 ¸¹', 'Tulip Pink No.09/Æ{ª÷­»¯»¬õ 09 ¸¹', 'Coral Pink No.65/¬À·ä¯»¬õ 65 ¸¹', 'Devon Sunset No.61/¼w¤å°p¤i¶§¦â 61 ¸¹', 'Nude Beige No.01/»r¦Ì¦â 01 ¸¹', 'Nude Cashmere No.25/»r³Ø¤°¦Ìº¸¦â 25 ¸¹', 'Nude No.21/»r¦â 21 ¸¹', 'Nude Pink No.05/»r¯»¬õ 05 ¸¹', 'Crimson Pink No.53/¯»¬v¬õ 53 ¸¹', 'Military Red No.109/­x¬õ¦â 109 ¸¹', 'Poppy Red No.105/Ä¢µ¯¬õ 105 ¸¹', 'Union Red No.113/­^­Û¬õ 113 ¸¹', 'Ä}¯ÉÂA¬õ¦â117(­­¶q)', 'Bright Coral No.73/«G¬À·ä¦â 73 ¸¹', 'Coral Pink No.65/¬À·ä¯»¬õ 65 ¸¹', 'Devon Sunset No.61/¼w¤å°p¤i¶§¦â 61 ¸¹', 'Golden Peach No.69/¶Àª÷»e®ç¦â 69 ¸¹', 'Bright Plum No.101/«G±ö¬õ 101 ¸¹', 'Garnet No.81/ºh¥Û¦â 81 ¸¹', 'Oxblood No.97/¤j¤£¦CÄA¬õ 97 ¸¹', 'Rose Blush No.89/ª´ºÀãn¬õ 89 ¸¹', '½AÀöª÷¦â224(­­¶q)', '¸`¼yª÷120(­­¶q)', 'Russet No.93/¨ª½Å¦â 93 ¸¹']"
BURBERRY,µ·¬X«G±m®B»I,"['No.1 Orange Poppy', 'No.2 PinkPeony', 'No.3 Pink Azalea']"
Solone,·L¯ºµÎªÜÁ¢¯»ºy®B±m,"['04', '07', '08', '09', '10', '03', '06', '08', '01', '02', '05', '11', '12']"
NARS,Áa¼¤·S¤õ®B»I,"['Angela', 'Anita', 'Anna', 'Apoline', 'Barbara', 'Brigitte', 'Claudia', 'Grace', 'Julie', 'Juliette', 'Marisa', 'Michiyo', 'Natalie', 'Anna', 'Dominique', 'Fanny', 'Kate', 'Liv', 'Silvia', 'Stefania', 'Vera', 'Vivien', 'Apoline', 'Audrey', 'Bette', 'Charlotte', 'Jeanne', 'Mona', 'Sandra', 'Shirley', 'Annabella', 'Carmen', 'Kelly', 'Marlene', 'Olivia', 'Rita', 'Barbara', 'Jane', 'Raquel', 'Vanessa', 'Catherine', 'Geraldine', 'Lana', 'Greta', 'Janet', 'Natalie', 'Deborah', 'Leslie', 'Ingrid']"
NARS,®É©|¸g¨å®B»I Lipstick,['[NEW] ORGASM']
MAJOLICA MAJORCA ÅÊ·RÅ]Ãè,»´»´¿Ë§k»´®B»I,['13µ´¤£·|¿é']
Chantecaille ­»½{¥d,ªá§°¥ú·P®B»I Lip Sleek,"['¯»¬õ¥ÛºhGrenadine', 'µµªáÁ¢²ú¨ÈOrchid', '¦ò®Ô©ú­ôFlamingo', '®ç¦â¥d²úCalypso', 'µµªáÁ¢²ú¨ÈOrchid', '±´¤àTango']"
Chantecaille ­»½{¥d,ªá§°­»¹|®B»I Lip Chic   ,"['[NEW] ³zºy¸G²o¤ûPetunia(2017¬î©u)', 'Bourbon Rose', 'Camellia', 'China Rose', 'Dahlia', 'Daphne', 'Moroccan Rose', 'Primrose', 'Sunrise', 'Tea Rose', 'Wild Rose', 'Zinnia', '¦N´¶ÁÉª´ºÀGypsy Rose', '¼b¹à±ß­»¥ÉTuberose', '³zºy¸G²o¤ûPetunia', 'Amour', 'Damask', 'Heirloom', 'Isis', 'Patience', 'Rose Delice', 'Violetta', '[NEW] ªF¤è©]¾ïMandarin(2017¬î©u)', 'Capucine', 'Geranium', 'Mandarin', '¬K¥ú¦Ê¦XLily', 'Anais', 'Sari Rose', 'Calla Lily', 'Ceylon', 'Nocturne', '[NEW] ³£·|±¡¤HCosmos(2017¬î©u)', 'Amaryllis', '³£·|±¡¤H Cosmos ']"
JILL STUART ¦NÄRµ·¦·,ªá»R¤ôºy¥ú®B»I LIP BLOSSOM,"['[NEW] 31²¢¬ü«D¬wµâ(µL¯]¥ú)(2017¬î¥V)', '[NEW] 32ÄÆ­»ÃÃ¬v¸Ë(2017¬î¥V)', '[NEW] 33¹Ú¤ÛÄåªá(µL¯]¥ú) (2017¬î¥V)', '[NEW] 34¥i·RÄå®ç(2017¬î¥V)', '[NEW] 36²±©ñÂúµâ(µL¯]¥ú) (2017¬î¥V)', '[NEW] 41©¯ºÖ±d¤DÄÉ(2017¬î¥V)', '[NEW] 42¬X±¡ª´ºÀ(µL¯]¥ú)(2017¬î¥V)', '[NEW] 43°ª¶Q»r¯»(2017¬î¥V)', '[NEW] 48Àu¶®Äõªá(2017¬î¥V)', '[NEW] 49½AÀöº¿®æÄR¯S(­­¶q/2017¬î¥V)', '[NEW] 51¯»¹à§t²Û¯ó(2017¬î¥V)', '[NEW] 52¯»¬õªá«a(µL¯]¥ú)(­­¶q/2017¬î¥V)', '[NEW] 35®öº©µµ¤B­»(2017¬î¥V)', '[NEW] 38¬õ¦âÆ{ª÷­»(µL¯]¥ú)(2017¬î¥V)', '[NEW] 39²Q¤kªá§ô(2017¬î¥V)', '[NEW] 40±¡°g¤j²zªá(µL¯]¥ú)(2017¬î¥V)', '[NEW] 50°{Ä£¸t½Ï¬õ(2017¬î¥V)', '[NEW] 37ÆA¦â¨d¤¦(µL¯]¥ú)(2017¬î¥V)', '[NEW] 39²Q¤kªá§ô(2017¬î¥V)', '[NEW] 48Àu¶®Äõªá(2017¬î¥V)', '[NEW] 45»¤ÅÊ©t®¼ªá(µL¯]¥ú)(2017¬î¥V)', '[NEW] 46²Q¤k®ü¸ª(µL¯]¥ú)(2017¬î¥V)', '[NEW] 47µµ¦â¼Ö³¹(µL¯]¥ú) (2017¬î¥V)', '[NEW] 43°ª¶Q»r¯»(2017¬î¥V)', '[NEW] 44·Å¬Xµâªá(µL¯]¥ú) (2017¬î¥V)', '[NEW] 40±¡°g¤j²zªá(µL¯]¥ú)(2017¬î¥V)', '[NEW] 51¯»¹à§t²Û¯ó(2017¬î¥V)']"
Little Devil,¤p´cÅ]¬½«r¤@¤f¬ü®B´Î,"['LDL-1', 'LDL-2', 'LDL-3', 'LDL-6', 'LDL-4', 'LDL-8', 'LDL-5', 'LDL-7']"
Lavshuca,¤ôºyã`¥ú®B»I,"['PK-1', 'PK-2', 'PK-3', 'PK_4', 'OR-1', 'OR-2', 'RD-1', 'BE-1']"
cle de peau Beaute ¦Ù½§¤§Æ_,¤ô½vÁ¥Á¨®B»I rouge a levres,"['105º¿ÄR¨È¥v¯S®¦MARIA STERN', '106¥|©uQUATRE SAISONS', '107³Õ¹p¨Øº¸¥q¥OCOMMANDANT BEAUREPAIRE', '108¨Èª³AVON', '111-Gavno¥[¤Ò®¦(­­¶q)', '109LA BELLE SULTANE', '110¨È§Q®á¨ºARIZONA', '113', '101¶Àª÷¤Ó¶§SOLEIL D¡¦OR', '102¸Ê¤ñ§Q¼y¨åJUBILEE CELEBRATION', '103ªÛ¥[­ô©M¥­CHICAGO PEACE', '104¦º¤`¤§Ã@DIE WELT']"
cle de peau Beaute ¦Ù½§¤§Æ_,°øµØÆv¥ú­q»s®B»I,"['1¦Ë', '2µ·º÷', '4²üªá', '12ªEÃä®Ñ', '5¤s¯ùªá', '8¬õ¿OÅ¢', '5¤s¯ùªá', '7¬õÀs', '9µ·Á\', '3¸Á³¾', '6¦èµf½¬ªá', '10¤¤°ê­·±¡(¥D¥´¦â)', '11¤¤°ê«½«½']"
heme,¯»¹à¼W¦â¼í®B»I Chic Sheer Color Lip Balm,['Äå®ç¯»']
heme,¬PÆp¿}¤ß¼í®B»I,"['§BÀï¥¤¯ù', '§ö®ç²¢¤ß', '¼öÅÊª´ºÀ', '§ö®ç²¢¤ß', '·nºu®ç¬õ']"
butter LONDON,LIPPY®B»I LIPPY Tinted Balm,"['¤£¨}¤Ö¦~Teddy Boy', '­×¹D°|ªºª´ºÀAbbey Rose', '§kAxis Kiss', '¤â©¬¥æMush', '¤õ¯N´Öªá¿}Toasted Marshmallow', '¨g¤HNutter', '§ö¶À¥ú½uApricot Sunray', '°s¬õ¶Â²ùBlack Cherry', '¯ó²ù¶éStrawberry Field']"
butter LONDON,Â×§kÆv¦â®B»I,"['Delighted¼Ö¤£¥i¨¥', 'Rebellious³y¤Ï¦³²z', 'Daring-µL©Ò¬È', 'Provocative¤õ¼ö¤p»¶´Ô', 'Elated±o·N¬v¬v', 'Lucky¨«¹B¤F!', 'Elated±o·N¬v¬v', 'Lucky¨«¹B¤F!', 'Fabµ´§®µL¤ñ', 'Impulsive¤@®É½Ä°Ê']"
innisfree,¶WªA¶K¤ôºy®B»I,"['No.2', 'No.3', 'No.4', 'No.8', 'No.10', 'No.5', 'No.6', 'No.7', 'No.1', 'No.9', 'No.10']"
SUQQU,´¹ªöÆA¿A®B»I  MOISTURE RICH LIPSTICK,"['[NEW] 01¤i«µ(2017¬î¥V)', '[NEW] 07µ\µ]?(2017¬î¥V)', '[NEW] 02ªá¬õ(2017¬î¥V)', '[NEW] 03¶§¬õ(2017¬î¥V)', '[NEW] 04ª÷§ö(2017¬î¥V)', '[NEW] 08¬õª÷³½(2017¬î¥V)', '[NEW] 05«éµØ(2017¬î¥V)', '[NEW] 06ÂAµºµØ(2017¬î¥V)', '[NEW] 09½÷¨ª(2017¬î¥V)', '[NEW] 10µJ¬õ(2017¬î¥V)', '[NEW] 101µLªáªG(­­¶q/2017¬î¥V)', '[NEW] 102?µØ(­­¶q/2017¬î¥V)']"
TOM FORD,LIPS & BOYS®B»I,"['[NEW] 04 THOMAS', '[NEW] 0C MAGNUS', '[NEW] 19 JAMES', '[NEW] 22 PATRICK', '[NEW] 47 CARY', '[NEW] 63 JAKE', '[NEW] 06 CRISTIANO', '[NEW] 07 DYLAN', '[NEW] 0A ALAIN', '[NEW] 20 RICHARD', '[NEW] 60 DRAKE', '[NEW] 90 INIGO', '[NEW] 64 HIRO', '[NEW] 46 COLLIN', '[NEW] 94 LOGAN', '[NEW] 98 FEDERICO']"
TOM FORD,LIPS & GIRLS®B»I,"['[NEW] 01 KATHERINE(­­¶q)', '[NEW] 02 EDITA(­­¶q)', '[NEW] 03 CARINE(­­¶q)', '[NEW] 04 LISA(­­¶q)', '[NEW] 04 ZOE(­­¶q)', '[NEW] 05 AMBER(­­¶q)', '[NEW] 05 JOAN(­­¶q)', '[NEW] 08 CAROLYN(­­¶q)', '[NEW] 09 LARA(­­¶q)', '[NEW] 08 DAKOTA(­­¶q)', '[NEW] 09 SOPHIA(­­¶q)', '[NEW] 10 ELLIE(­­¶q)', '[NEW] 11 FABIOLA(­­¶q)', '[NEW] 14 MARGUERITE(­­¶q)', '[NEW] 16 ALICIA(­­¶q)', '[NEW] 17 ROSIE(­­¶q)', '[NEW] 18 MARISA(­­¶q)', '[NEW] 20 BEATRICE(­­¶q)', '[NEW] 21 JULIANNE(­­¶q)', '[NEW] 22 RINKO(­­¶q)', '[NEW] 07 VALENTINA(­­¶q)', '[NEW] 12 ALEXIS(­­¶q)', '[NEW] 13 INGRID(­­¶q)', '[NEW] 19 ASHLEY(­­¶q)', '[NEW] 22 GRACE(­­¶q)', '[NEW] 23 LEIGH(­­¶q)', '[NEW] 23 SASHA(­­¶q)', '[NEW] 24 EMMA(­­¶q)', '[NEW] 25 NAOMI(­­¶q)', '[NEW] 25 SCARLETT(­­¶q)', '[NEW] 02 MONICA(­­¶q)', '[NEW] 03 KYRA(­­¶q)', '[NEW] 06 NATALIA(­­¶q)', '[NEW] 07 ROMY(­­¶q)', '[NEW] 19 NICO(­­¶q)', '[NEW] 11 VIOLET(­­¶q)', '[NEW] 12 GEORGIE(­­¶q)', '[NEW] 24 GRETA(­­¶q)', '[NEW] 15 NINA(­­¶q)', '[NEW] 13 ISLA(­­¶q)', '[NEW] 14 ANNE(­­¶q)', '[NEW] 15 MARIKO(­­¶q)', '[NEW] 16 GALA(­­¶q)', '[NEW] 10 LOULOU(­­¶q)', '[NEW] 20 ZELDA(­­¶q)', '[NEW] 21 BIANCA(­­¶q)', '[NEW] 06 IN?S(­­¶q)', '[NEW] 01 LILY(­­¶q)', '[NEW] 17 LENA(­­¶q)', '[NEW] 18 ISAMAYA(­­¶q)']"
GUERLAIN ¼bÄõ,¤p¶Â¸È§Úªº­»ª^®B»I,"['001', '060', '061', '062', '063', '071', '072', '011', '016', '023', '067', '068', '002', '040', '064', '065', '003', '020', '021', '022', '010', '041', '043', '011', '014', '016', '007', '013', '073 ']"
GUERLAIN ¼bÄõ,KISSKISS ªk¦¡¤§§kµØÄRµ·Ãú®B»I,"['[NEW] M330 SPICY BURGUNDY', '[NEW] M331 CHILLI RED', '[NEW] M347 ZESTY ORANGE', '[NEW] M348 HOT CORAL', '[NEW] M375 FLAMING ROSE', '[NEW] M347 ZESTY ORANGE', '[NEW] M348 HOT CORAL', '[NEW] M306 CALIENTE BEIGE', '[NEW] M307 CRAZY NUDE', '[NEW] M306 CALIENTE BEIGE', '[NEW] M307 CRAZY NUDE', '[NEW] M376 DARING PINK', '[NEW] M377 WILD PLUM']"
KOSE °ªµ·-±MÂd,Á¥Á¨ªá§ô®B»I,"['[NEW] RD480¾y´bÂA¬õ', '[NEW] RD481¬X¿Aãn¬õ', '[NEW] RO680¨IÃ­±ö¬õ', '[NEW] PK881¬À·ä¹à¯»', '[NEW] RO682³¥Á¥Á¨¯»', '[NEW] PK880ª´ºÀµµ¬õ']"
KOSE °ªµ·-±MÂd,¤ÛùÛ¹V¥ú»e®B»I,"['[NEW] BE304(­­¶q/2017¬î¥V)', 'PK808 ®ð½èª´ºÀ(­­¶q)', 'PK809 ¤ß°Ê«G¯»(­­¶q)', 'PK810(­­¶q)', 'PK811(­­¶q)', 'RD404 ¯Ú¯×¯»¬õ(­­¶q)', 'RD406(­­¶q)', 'BE303(­­¶q)', 'RD405 ¬Û«ä¬õ¨§(­­¶q)']"
CANMAKE,®BÀU¨â¥ÎÁ÷,"['CL02', 'CL06', 'CL01', 'CL05', 'CL07', 'CL08']"
CANMAKE,³zÀU¼í®B¨â¥ÎÁ÷ Lip & Cheek Gel ,"['01', '03', '05', '04', '06', '02']"
CANMAKE,½¦­ì¼í¿A®B»I CREAMY TOUCH ROUGE,"['No.01´Öªá¿}¯»¬õ', 'No.02 ¾ï¤l¥Ä', 'No.03 Äå®ç¬£']"
CANMAKE,?³íÂ×¬Õ®B»I Jelly Stick Gloss,"['01 White Peach', '02 Pure Strawberry', '04 Sweet Cherry', '03 Honey Apricot']"
CANMAKE,³z©ú³·¿Ä»r¦â®B»I Melty Nude Lip,"['01 Baby Beige', '02 Creamy Nude', '03 Baby Pink', '04 Peach Beige']"
CANMAKE,µ··ÆÂ×¼í®B»I Stay-On Balm Rouge,"['05 Flowing Cherry Petal', '08 Juisy Peony', '12 Little Plum Candy', '02 Smily Gerbera', '03 Tiny Sweetpea', '09 Masquerade Bud', '10 Flowery Princess', '06 Sweet Clematis', '11 Raspberry Rose']"
too cool for school,®£Às¤§§k®B»I,"['2²M¯Â¤Ö¤k', '4¤jÁx¾y®V', '5¨¯»¶¤k¤ý', '6·Å¬X²¢¤ß', '1²¢¬ü¨Î¤H', '2²M¯Â¤Ö¤k', '3©Ê·P¤k¯«', '4¤jÁx¾y®V']"
GIVENCHY ¬ö±ë§Æ,­»§k»¤´b®B»I Le Rouge Givenchy,"['[NEW] 214', '[NEW] 323', '315ªì®L³¥²ù(­­¶q)', '[NEW] 325', '[NEW] 326', '[NEW] 327', '[NEW] 109', '[NEW] 324', '[NEW] 328º©©]Á[«ä(­­¶q)']"
GIVENCHY ¬ö±ë§Æ,¥ú·P»¤´b¬ü®B»I Le Rouge-A-PORTER,['[NEW] 306¥¬­Û¯Ç©]¦±(­­¶q)']
GIVENCHY ¬ö±ë§Æ,­»§k»¤´bµ·µ³Âù¦â®B»I ,"['[NEW] N3§i¥Õ(­­¶q/2017¬î¥V)', '[NEW] N4¼¤±æ(­­¶q/2017¬î¥V)', '[NEW] N5Äñºø(­­¶q/2017¬î¥V)', '[NEW] N1§NÆv(­­¶q/2017¬î¥V)', '[NEW] N2½Õ±¡(­­¶q/2017¬î¥V)']"
MAKE UP FOR EVER,§k¦â®B»I,"['¬Ã¯]¯»ª÷(­­¶q)', '¬Ã¯]¯»»É(­­¶q)']"
1028,ÀÇ¬N¤ô·P®B»I,"['01', '02', '03', '04', '05']"
DHC,³»¯ÅGE«G¿A®B»I DHC Premium Lipstick GE,"['PK102', 'RD109', 'BE111']"
DHC,§¨¤ß®B»I-º¿ÄR¿ß­­©w,"['PK01±áÃú¯»(­­¶q)', 'RS02Á¥Á¨¬õ(­­¶q)']"
SKINFOOD,ªk¦¡°sÆC¼í®B»I Plum Mellow Glow Stick,"['[NEW] 3¤j¶ê¸È(­­¶q)', '[NEW] 5´_¥j(­­¶q)', '[NEW] 1Àu¶®(­­¶q)', '2ªiº¸¦h(­­¶q)', '4¤k§D(­­¶q)']"
laura mercier ÅÚ©Ô»e«ä,Àï¥K¤k§D®B»I Rouge Nouveau Weightless Lip Colour,"['MALT³ÁÁJ', 'MINK¶I¬õ', 'MOD¬õÁß', 'MOI¤ºÀÄ', 'MYTH¯«¯¦', 'PURE¯Âºé', 'SEXY©Ê·P', 'SILK¬õµ·µ³', 'STAR¥¨¬P', 'CAFE©@°Ø', 'COZY±y·N', 'MUSEÂÕ«ä', 'SIN»¤´b', 'CHIC°ª¶®', 'SHY²Û©Ä', 'COYÀSµÉ', 'PLAYª±¬ü']"
laura mercier ÅÚ©Ô»e«ä,Ãú¥ú¤§§k®B»I Lip Crayon,"['Folklore ÅÊ®L¦N´¶ÁÉ(­­¶q)', 'Mayan Sun °¨¶®¬õ¥ú(­­¶q)', 'Burnt Clay ªü¯÷¯S§JµK¬õ(­­¶q)']"
Benefit,µáµá¼í¦â®B»I Lip Tint Hydrator,"['¬õ¯»µáµá', 'Â¼®Bµáµá', '¼ö±¡µáµá', '²¢¤ßµáµá']"
RMK,¸g¨å»¤¦â¤f¬õ(¼íªö) Irresistible Glow Lips,"['[NEW] TH-01 Feminine Beige(­­¶q/2017¬î¥V)', '[NEW] TH-02 Baby Sky (­­¶q/2017¬î¥V)']"
RMK,FFFutureÃú³z¤f¬õ FFFuture Lips,"['[NEW] TH-01 Beige(­­¶q/2017¬î¥V)', '[NEW] TH-02 Orange(­­¶q/2017¬î¥V)', '[NEW] TH-03 Rose (­­¶q/2017¬î¥V)']"
Calvin Klein,¯Â¦â®B»I PURE COLOR LIPSTICK,"['ENTICE', 'SPEAKEASY', 'UNDRESSED', 'LITTLE LIAR', 'BITE ME', 'LIPLOCK']"
Elegance,¶É¤ß«ù¦â®B»I,"['[NEW] 07Ä×¦âª´ºÀ', '03Äå®ç¯»', '04»eªG¤l¯»', '06µØÄRª´ºÀ', '100·LÅH¾K©](­­¶q)', '01ÂÐ¬Ö¤l¬õ', '101ÂA¹àÁ¤¬õ(­­¶q)', '[NEW] 08¹V¥ú»r¦â', '05¦×®Û¦Ì¦â', '02§ö¾ï¦â', '05¦×®Û¦Ì¦â']"
IPSA ¯ôªÜ²ï,¬¡²{»¤¦â®B»IEX,"['[NEW] C04', '[NEW] C05', '[NEW] C07', '[NEW] C08', '[NEW] C09', '[NEW] S03', '[NEW] C10', '[NEW] M03', '[NEW] S05', '[NEW] C03', '[NEW] S02', '[NEW] C06', '[NEW] S04', '[NEW] C01', '[NEW] M01', '[NEW] C02', '[NEW] M02', '[NEW] S01']"
BY TERRY,±M·~§¹¬üÄ²±±®B»I,"['N¢X10', 'N¢X11', 'N¢X21', 'N¢X22', 'N¢X23', 'N¢X24', 'N¢X25', 'N¢X1', 'N¢X2', 'N¢X3', 'N¢X4', 'N¢X16', 'N¢X17', 'N¢X18', 'N¢X19', 'N¢X20', '[NEW] N¢X26 ¶ÂÄq¥i¥i ', '[NEW] N¢X27 ¿@¯P¶Â¯ù ', '[NEW] N¢X28 ²`»r­J®ç', '[NEW] N¢X29 °gÃúµµ¥ú', '[NEW] N¢X30 ©@°Ø¼ÚÁ¢', 'N¢X12', 'N¢X13', 'N¢X14', 'N¢X15', 'N¢X5', 'N¢X6', 'N¢X7', 'N¢X8', 'N¢X9']"
BY TERRY,¥ú³z¤ô¼í®B»I,"['16 ¡V®ç¬õª´ºÀ(­­¶q)', '18 ¡V®L¤é°g±¡(­­¶q)', 'N¢X3²¢¤ßÄ_¨©', 'N¢X4ª´ºÀ¤½¥D', 'N¢X12Å}»¤¬õ®B', 'N¢X6¬£¹ïÂÕ´µ', 'N¢X7¿E±¡¤õ¬õ', 'N¢X8¬À·ä¬õ', 'N¢X10ÂA²¢²ùªG', 'N¢X11­P©R§l¤Þ', 'N¢X13®á®æ¨½»¤´b', 'N¢X9»r®B¯µ±K', 'N¢X14Â×¼íµµ¬õ', 'N¢X15­»¾J¬ü°s', 'N¢X5¼ö»¶®ç¬õ', '17 ¡V²¢¾í»¤´b(­­¶q)', 'N¢X2±¡¬D±´¤à', 'N¢X1¨ª»r±¡°g']"
BY TERRY,¥ú³z»r¦â®B»I,"['No1 Bare balm', 'No2 Innocent kiss', 'No3 Nude Pulp', 'No4 Sheer Glow', 'No5 Flush Contour']"
Botanic farm,´Óª«¼Ö¶éª´ºÀªá¶}¼ü¼í®B»I,"['OR01', 'OR02', 'PK01', 'PK02', 'PK03', 'PK04', 'PK05', 'OR03', 'RD01', 'RD02', 'BR01', 'BR02', 'OR04']"
Cosme Decorte ÂLÏÈ,»R½º¥ú¼í¤ô®B»I,"['[NEW]  RD457', '[NEW] RO654']"
Cosme Decorte ÂLÏÈ,½º²f¥úªá»y®B»I,"['[NEW] RD412', '[NEW] RO614']"
THE FACE SHOP µá¸Ö¤pçE,º£¥úÆv¿A«OÀã®B»I,"['BE02', 'BE03', 'BR01', 'CR02', 'CR03', 'PK01', 'RD01', 'RD02', 'RD03', 'RD04', 'BE01', 'BE02', 'CR01', 'OR01', 'OR02', 'PK02', 'PK03', 'PK04', 'PP01', 'PP02', 'RD05']"
THE FACE SHOP µá¸Ö¤pçE,MARVEL¨t¦CÃú¥ú¬X¯½«ù¦â®B»I,"['[NEW] PK05(­­¶q)', '[NEW] RD06(­­¶q)', '[NEW] PK04(­­¶q)', '[NEW] OR02(­­¶q)', '[NEW] RD05(­­¶q)']"
CityColor,¶W¬¯Ä£«G¤f¬õ City chic lipstick,"['Bachelored', 'Charismatic', 'Fashionista ', 'French Kiss', 'Get it Girl', 'Heartbreaker', 'Lady in Red', 'Lil Red Dress', 'Red Wine', 'DiVa', 'Dolly', 'Dont Give a Puck', 'In lust w/U', 'One Night Stand', 'Pink Promise', 'Pucker Up', 'Tickled', 'Already Taken', 'Bare with me', 'Head over Heels', ""Jet'aime"", 'Kiss Me Softly', 'Love at First Sight', 'One of a kind', 'Midnight Kiss', 'Paris by ¢Üight', 'Always Ready', 'I Dare you', 'The Secret Affair']"
CityColor,DUO±M·~¨â¥Î¤f¬õ»e,"['01¯»¹àªÝ¤ñ', '02»e®çªÝ¤ñ']"
banila co.,µLªk±M±¡ªá¤ß¼í®B»I,['µLªk±M±¡ªá¤ß¼í®B»I']
banila co.,Floral Seoul®B»Iµ§ Floral Seoul Lip Crayon,"['ND02', 'PK06', 'PK07', 'ND01', 'OR04', 'RD02']"
banila co.,Floral Seoul°×½oÂê¦â®B»I Floral Seoul Colour Fix Matt,"['MBE104', 'MPK543', 'MPK553', 'MOR217', 'MOR219']"
banila co.,°{«GÄ£¥Ø¬X·Æ°×½o®B»I Kiss Collector Color Fix Satin,"['Holiday', 'Lumiere', 'Seduction', 'Pink Addict']"
banila co.,¬ÃÂÃ¤§§kÂù®Ä®B»Iµ§ ,"['OR02', 'PK01', 'PK02', 'PK03', 'PK04', 'PK05', 'PK06', 'PK07', 'PP02', 'BG01', 'RD01', 'OR01']"
L'OCCITANE ¼ÚµÎ¤¦,¨d¤¦ªá§°®BÁ÷,"['³z©ú¦â', 'ª´ºÀ¦â', '²ùªG¦â', '»r¯»¦â']"
KISS ME ©_¤h¬ü-¶}¬[,FOR´AII´¹Àé«ù¦â®B»I50,"['02', '03', '04', '06', '08', '10', '05', '09', '01', '07']"
AVANCE CHIPIE,¿}Á÷®B±m(¥ú¿A),"['11', '32', '20', '51', '52']"
AVANCE CHIPIE,¿}Á÷®B±m(¬X·Æ),"['10', '30', '31', '40', '50']"
ETVOS,è°ùÐ¤ô·PÄqª«®B»I,"['¥j¨å¯»', '¤Ú¾¤¯»¬õ', 'Ä_¥Û¬õ', '¥¤¯ù»r']"
ALBION,¦m«ä¶®¸Á¼ß´¹?®B»I EXCIA Glorious Rouge,"['RD301', 'RD303', 'RD305', 'PK105', 'BE402']"
MIKIMOTO ±s¤ì¥»,¬Ã¯]¥ú®B»I,"['PK003', 'PK013', 'PK023', 'PK043', 'PK063', 'PK073', 'PK093', 'RS012', 'RS022', 'RS042', 'RS052', 'RD001', 'RD011', 'RD021', 'RD031', 'RS002', 'RS051', 'BE005', 'PK033', 'PK053', 'BR006', 'OR004']"
bareMinerals,¼ö»¶«N®BÄqª«®B»I Marvelous Moxie Lipstick,"['Break Away', 'Get Ready', 'Live Large', 'Raise The Bar', 'Stand Out', 'Be Free', 'Make Your Move', 'Rise Up', 'Speak Your Mind', 'Call The Shots', 'Light It Up/Live It Up(¬ü´ä¦WºÙ¤£¤@¼Ë¡A¤£µM´N¬O¨â­ÓÃC¦â¤£¤@¼Ë)', 'Risk It All', 'Fly High', 'Lead The Way', 'Finish First', 'Go The Distance', 'Never Say Never']"
Soo Rye Han ¨qÄRÁú, §° ¬Ã¯]¥úµ·µ³®B»I Yeon Silk Rouge,"['OR01', 'OR02', 'PK01', 'RD01', 'PP01', 'BR01', 'PK02']"
absolution,¦w¥þ¤§§k®B»I,"['1', '11', '19', '7', '16', '8']"
